{"stats":{"minecraft:mined":{"iceandfire:lightning_lily":1,"minecraft:white_bed":5,"iceandfire:graveyard_soil":2,"iceandfire:silver_ore":6,"minecraft:dark_oak_log":1,"minecraft:dark_oak_fence":4,"minecraft:budding_amethyst":1,"minecraft:grass_block":51,"minecraft:large_fern":1,"minecraft:hay_block":34,"minecraft:smooth_stone":1,"minecraft:iron_ore":35,"minecraft:andesite":1,"iceandfire:crackled_dirt":1,"minecraft:dark_oak_stairs":1,"minecraft:deepslate_iron_ore":10,"minecraft:vine":2,"minecraft:small_amethyst_bud":2,"minecraft:white_banner":1,"minecraft:stone":168,"minecraft:medium_amethyst_bud":1,"minecraft:amethyst_cluster":3,"minecraft:crafting_table":2,"minecraft:melon":13,"iceandfire:ghost_chest":1,"minecraft:chest":1,"minecraft:tall_grass":7,"minecraft:cobblestone":4,"minecraft:deepslate_gold_ore":3,"minecraft:oak_planks":12,"minecraft:orange_carpet":1,"minecraft:amethyst_block":1,"minecraft:dark_oak_slab":1,"minecraft:birch_log":7,"minecraft:white_carpet":1,"minecraft:grass":21,"minecraft:oak_log":78,"minecraft:coal_ore":80,"minecraft:dirt":55,"minecraft:smooth_basalt":1,"minecraft:oak_leaves":2,"minecraft:deepslate":2,"minecraft:fern":2},"minecraft:picked_up":{"minecraft:wooden_axe":1,"minecraft:crafting_table":2,"minecraft:wheat":9,"minecraft:chicken":4,"minecraft:golden_pickaxe":2,"minecraft:amethyst_block":1,"iceandfire:manuscript":5,"minecraft:string":9,"minecraft:white_carpet":2,"iceandfire:graveyard_soil":1,"minecraft:cobbled_deepslate":7,"minecraft:smooth_stone":1,"minecraft:beef":9,"minecraft:melon_slice":70,"minecraft:chest":2,"minecraft:egg":2,"iceandfire:ghost_chest":1,"minecraft:stick":13,"minecraft:raw_iron":45,"iceandfire:crackled_dirt":2,"minecraft:acacia_log":5,"minecraft:porkchop":10,"iceandfire:lightning_lily":1,"minecraft:arrow":3,"minecraft:rotten_flesh":7,"minecraft:hay_block":41,"minecraft:gold_ingot":2,"alexsmobs:emu_egg":1,"minecraft:mutton":8,"minecraft:white_wool":16,"minecraft:cobblestone":163,"minecraft:birch_log":6,"minecraft:feather":25,"minecraft:andesite":1,"minecraft:brown_wool":1,"minecraft:orange_carpet":1,"minecraft:leather":10,"minecraft:oak_log":77,"minecraft:gunpowder":2,"mowziesmobs:wrought_axe":1,"skilltree:gem":4,"minecraft:dirt":139,"minecraft:white_banner":7,"minecraft:leather_boots":1,"minecraft:bone":18,"minecraft:apple":3,"mowziesmobs:umvuthana_mask_rage":1,"minecraft:wheat_seeds":40,"minecraft:raw_gold":3,"minecraft:cobweb":6,"minecraft:acacia_sapling":6,"minecraft:iron_sword":1,"minecraft:oak_planks":13,"minecraft:smooth_basalt":1,"minecraft:cooked_porkchop":5,"minecraft:chiseled_stone_bricks":2,"minecraft:dandelion":1,"minecraft:amethyst_shard":24,"mowziesmobs:wrought_helmet":1,"minecraft:white_bed":5,"alexsmobs:animal_dictionary":1,"minecraft:trapped_chest":2,"minecraft:dark_oak_log":1,"minecraft:spider_eye":1,"minecraft:crossbow":4,"minecraft:emerald":1,"minecraft:bread":12,"alexsmobs:maggot":2,"minecraft:oak_sapling":19,"minecraft:dark_oak_fence":1,"minecraft:coal":86,"iceandfire:raw_silver":6,"minecraft:ender_pearl":1},"minecraft:killed_by":{"minecraft:pillager":1,"mowziesmobs:ferrous_wroughtnaut":2,"iceandfire:lightning_dragon":1,"iceandfire:fire_dragon":1},"minecraft:used":{"minecraft:flint_and_steel":1,"minecraft:chest":4,"minecraft:shield":77,"minecraft:iron_chestplate":1,"minecraft:dirt":127,"minecraft:wooden_axe":24,"minecraft:iron_axe":61,"mowziesmobs:umvuthana_mask_rage":1,"minecraft:bow":4,"minecraft:furnace":3,"minecraft:egg":2,"minecraft:cooked_beef":3,"minecraft:cooked_mutton":3,"minecraft:oak_planks":132,"minecraft:stone_pickaxe":83,"minecraft:wooden_pickaxe":3,"minecraft:white_wool":1,"minecraft:crafting_table":7,"minecraft:white_bed":9,"mowziesmobs:wrought_axe":291,"minecraft:apple":3,"minecraft:bread":44,"minecraft:melon_slice":7,"minecraft:iron_pickaxe":170,"minecraft:stone_axe":85,"minecraft:cobblestone":4,"minecraft:white_banner":1,"minecraft:cooked_porkchop":8,"alexsmobs:animal_dictionary":1,"minecraft:air":1,"minecraft:golden_pickaxe":64,"alexsmobs:emu_egg":1},"minecraft:dropped":{"minecraft:iron_ingot":15,"minecraft:wheat_seeds":33,"minecraft:cooked_beef":3,"minecraft:oak_log":1,"minecraft:cooked_porkchop":2,"minecraft:crossbow":2,"minecraft:feather":12,"minecraft:acacia_log":5,"minecraft:coal":3,"minecraft:cobweb":6,"minecraft:dirt":2,"minecraft:dark_oak_log":1,"minecraft:orange_carpet":1,"iceandfire:crackled_dirt":1,"minecraft:dark_oak_fence":1,"iceandfire:lightning_lily":1,"minecraft:wooden_axe":1,"minecraft:melon_slice":3,"minecraft:brown_wool":1,"minecraft:amethyst_shard":12,"mowziesmobs:wrought_helmet":1,"minecraft:white_banner":6,"minecraft:smooth_stone":1,"minecraft:string":6,"minecraft:trapped_chest":2,"minecraft:birch_log":6,"minecraft:bone":5,"alexsmobs:maggot":2,"minecraft:white_carpet":2,"minecraft:rotten_flesh":6,"minecraft:cooked_mutton":4,"minecraft:chiseled_stone_bricks":2,"iceandfire:ghost_chest":1,"minecraft:gunpowder":2,"iceandfire:silver_ingot":6,"minecraft:oak_sapling":6,"minecraft:leather_boots":1,"minecraft:acacia_sapling":6,"minecraft:spider_eye":1,"minecraft:iron_bars":16,"minecraft:wooden_pickaxe":1},"minecraft:custom":{"minecraft:interact_with_smithing_table":1,"minecraft:mob_kills":96,"minecraft:interact_with_crafting_table":31,"minecraft:open_barrel":2,"minecraft:bell_ring":1,"minecraft:damage_dealt_resisted":36,"minecraft:leave_game":1,"minecraft:time_since_death":39299,"minecraft:climb_one_cm":516,"minecraft:sprint_one_cm":455201,"minecraft:walk_one_cm":1122029,"minecraft:damage_blocked_by_shield":2015,"minecraft:drop":80,"minecraft:talked_to_villager":8,"minecraft:play_time":221260,"minecraft:sneak_time":2548,"minecraft:deaths":5,"minecraft:walk_under_water_one_cm":10370,"minecraft:interact_with_brewingstand":3,"minecraft:jump":3747,"minecraft:walk_on_water_one_cm":16784,"minecraft:total_world_time":221260,"minecraft:interact_with_furnace":34,"minecraft:interact_with_cartography_table":1,"minecraft:raid_trigger":1,"minecraft:sleep_in_bed":5,"minecraft:time_since_rest":39340,"minecraft:damage_taken":4326,"minecraft:trigger_trapped_chest":3,"minecraft:damage_dealt":17095,"minecraft:swim_one_cm":28462,"minecraft:fly_one_cm":631661,"minecraft:open_chest":26,"minecraft:crouch_one_cm":11023,"minecraft:interact_with_smoker":2,"minecraft:fall_one_cm":84132},"minecraft:broken":{"minecraft:leather_helmet":1,"minecraft:golden_pickaxe":2,"minecraft:crossbow":1},"minecraft:killed":{"minecraft:spider":4,"minecraft:skeleton":12,"mowziesmobs:ferrous_wroughtnaut":1,"minecraft:chicken":4,"minecraft:pig":4,"mowziesmobs:umvuthana_follower_raptor":2,"minecraft:creeper":2,"iceandfire:cockatrice":1,"minecraft:sheep":10,"minecraft:pillager":31,"minecraft:zombie":11,"alexsmobs:cockroach":1,"iceandfire:ghost":2,"alexsmobs:fly":1,"minecraft:cow":5},"minecraft:crafted":{"minecraft:oak_planks":298,"minecraft:furnace":3,"minecraft:bone_meal":24,"minecraft:cooked_mutton":7,"minecraft:iron_bars":16,"minecraft:bow":1,"minecraft:iron_axe":1,"minecraft:stone_pickaxe":1,"minecraft:chest":2,"minecraft:wheat":365,"minecraft:cooked_beef":6,"iceandfire:silver_ingot":6,"minecraft:cooked_porkchop":6,"minecraft:crafting_table":5,"minecraft:wooden_pickaxe":1,"minecraft:oak_wood":2,"minecraft:stone_axe":1,"minecraft:bread":127,"minecraft:air":0,"minecraft:iron_chestplate":1,"minecraft:shield":1,"minecraft:raw_gold":45,"minecraft:stick":20,"minecraft:iron_ingot":65,"minecraft:iron_pickaxe":1,"minecraft:wooden_axe":1,"minecraft:gold_ingot":15,"minecraft:white_bed":4}},"DataVersion":3465}