{"stats":{"minecraft:dropped":{"minecraft:iron_ingot":15,"minecraft:wheat_seeds":4,"minecraft:cooked_beef":3,"minecraft:cooked_porkchop":2,"minecraft:crossbow":1,"minecraft:acacia_log":5,"minecraft:dirt":2,"minecraft:dark_oak_log":1,"minecraft:orange_carpet":1,"minecraft:dark_oak_fence":1,"iceandfire:lightning_lily":1,"minecraft:wooden_axe":1,"minecraft:brown_wool":1,"minecraft:white_banner":4,"minecraft:amethyst_shard":12,"mowziesmobs:wrought_helmet":1,"minecraft:birch_log":6,"alexsmobs:maggot":2,"minecraft:white_carpet":2,"minecraft:rotten_flesh":6,"minecraft:cooked_mutton":4,"minecraft:gunpowder":2,"minecraft:acacia_sapling":6,"minecraft:oak_sapling":4,"minecraft:leather_boots":1,"minecraft:spider_eye":1,"minecraft:wooden_pickaxe":1},"minecraft:used":{"minecraft:chest":4,"minecraft:shield":69,"minecraft:iron_chestplate":1,"minecraft:dirt":52,"minecraft:wooden_axe":24,"minecraft:iron_axe":53,"mowziesmobs:umvuthana_mask_rage":1,"minecraft:bow":2,"minecraft:furnace":3,"minecraft:egg":2,"minecraft:cooked_beef":3,"minecraft:cooked_mutton":3,"minecraft:stone_pickaxe":83,"minecraft:oak_planks":132,"minecraft:wooden_pickaxe":3,"minecraft:white_wool":1,"minecraft:crafting_table":6,"minecraft:white_bed":6,"mowziesmobs:wrought_axe":223,"minecraft:apple":3,"minecraft:melon_slice":5,"minecraft:bread":17,"minecraft:iron_pickaxe":81,"minecraft:stone_axe":85,"minecraft:white_banner":1,"minecraft:cooked_porkchop":8,"alexsmobs:animal_dictionary":1,"minecraft:air":1,"alexsmobs:emu_egg":1},"minecraft:broken":{"minecraft:leather_helmet":1,"minecraft:crossbow":1},"minecraft:mined":{"iceandfire:lightning_lily":1,"minecraft:white_bed":3,"iceandfire:graveyard_soil":2,"iceandfire:silver_ore":6,"minecraft:dark_oak_log":1,"minecraft:dark_oak_fence":4,"minecraft:budding_amethyst":1,"minecraft:grass_block":43,"minecraft:large_fern":1,"minecraft:hay_block":34,"minecraft:smooth_stone":1,"minecraft:iron_ore":35,"minecraft:andesite":1,"minecraft:dark_oak_stairs":1,"minecraft:deepslate_iron_ore":10,"minecraft:vine":1,"minecraft:small_amethyst_bud":2,"minecraft:white_banner":1,"minecraft:stone":45,"minecraft:medium_amethyst_bud":1,"minecraft:amethyst_cluster":3,"minecraft:crafting_table":2,"minecraft:melon":13,"minecraft:chest":1,"minecraft:tall_grass":7,"minecraft:cobblestone":4,"minecraft:deepslate_gold_ore":3,"minecraft:oak_planks":12,"minecraft:amethyst_block":1,"minecraft:orange_carpet":1,"minecraft:dark_oak_slab":1,"minecraft:birch_log":7,"minecraft:white_carpet":1,"minecraft:grass":17,"minecraft:oak_log":78,"minecraft:coal_ore":51,"minecraft:dirt":23,"minecraft:smooth_basalt":1,"minecraft:deepslate":2,"minecraft:fern":2},"minecraft:custom":{"minecraft:interact_with_smithing_table":1,"minecraft:mob_kills":84,"minecraft:interact_with_crafting_table":27,"minecraft:open_barrel":2,"minecraft:bell_ring":1,"minecraft:damage_dealt_resisted":36,"minecraft:leave_game":1,"minecraft:time_since_death":28177,"minecraft:climb_one_cm":296,"minecraft:sprint_one_cm":288964,"minecraft:walk_one_cm":874073,"minecraft:damage_blocked_by_shield":1655,"minecraft:drop":40,"minecraft:talked_to_villager":7,"minecraft:play_time":156325,"minecraft:deaths":3,"minecraft:sneak_time":1765,"minecraft:walk_under_water_one_cm":4791,"minecraft:interact_with_brewingstand":3,"minecraft:jump":2153,"minecraft:walk_on_water_one_cm":13456,"minecraft:total_world_time":156325,"minecraft:interact_with_furnace":34,"minecraft:interact_with_cartography_table":1,"minecraft:raid_trigger":1,"minecraft:sleep_in_bed":2,"minecraft:time_since_rest":12085,"minecraft:damage_taken":2730,"minecraft:trigger_trapped_chest":2,"minecraft:damage_dealt":14241,"minecraft:swim_one_cm":3951,"minecraft:fly_one_cm":360076,"minecraft:open_chest":18,"minecraft:crouch_one_cm":6715,"minecraft:interact_with_smoker":2,"minecraft:fall_one_cm":44111},"minecraft:killed_by":{"minecraft:pillager":1,"mowziesmobs:ferrous_wroughtnaut":2},"minecraft:killed":{"minecraft:spider":3,"minecraft:skeleton":9,"mowziesmobs:ferrous_wroughtnaut":1,"minecraft:chicken":4,"minecraft:pig":4,"mowziesmobs:umvuthana_follower_raptor":2,"minecraft:creeper":2,"minecraft:sheep":7,"minecraft:pillager":31,"minecraft:zombie":8,"alexsmobs:cockroach":1,"iceandfire:ghost":1,"alexsmobs:fly":1,"minecraft:cow":5},"minecraft:crafted":{"minecraft:oak_planks":298,"minecraft:furnace":3,"minecraft:bone_meal":24,"minecraft:cooked_mutton":7,"minecraft:bow":1,"minecraft:iron_axe":1,"minecraft:stone_pickaxe":1,"minecraft:chest":2,"minecraft:wheat":77,"minecraft:cooked_beef":6,"minecraft:cooked_porkchop":6,"iceandfire:silver_ingot":6,"minecraft:crafting_table":4,"minecraft:wooden_pickaxe":1,"minecraft:oak_wood":2,"minecraft:stone_axe":1,"minecraft:bread":27,"minecraft:air":0,"minecraft:iron_chestplate":1,"minecraft:shield":1,"minecraft:raw_gold":45,"minecraft:stick":20,"minecraft:iron_ingot":65,"minecraft:iron_pickaxe":1,"minecraft:wooden_axe":1,"minecraft:gold_ingot":15,"minecraft:white_bed":4},"minecraft:picked_up":{"minecraft:wooden_axe":1,"minecraft:crafting_table":2,"minecraft:wheat":8,"minecraft:chicken":4,"minecraft:golden_pickaxe":2,"minecraft:amethyst_block":1,"minecraft:string":8,"minecraft:white_carpet":2,"iceandfire:graveyard_soil":1,"minecraft:cobbled_deepslate":7,"minecraft:smooth_stone":1,"minecraft:beef":9,"minecraft:melon_slice":67,"minecraft:chest":2,"minecraft:egg":2,"minecraft:stick":12,"minecraft:raw_iron":45,"minecraft:acacia_log":5,"minecraft:porkchop":10,"iceandfire:lightning_lily":1,"minecraft:arrow":1,"minecraft:rotten_flesh":7,"minecraft:hay_block":41,"alexsmobs:emu_egg":1,"minecraft:mutton":8,"minecraft:cobblestone":47,"minecraft:white_wool":13,"minecraft:birch_log":6,"minecraft:feather":15,"minecraft:andesite":1,"minecraft:brown_wool":1,"minecraft:orange_carpet":1,"minecraft:leather":10,"minecraft:oak_log":76,"minecraft:gunpowder":2,"mowziesmobs:wrought_axe":1,"minecraft:dirt":87,"minecraft:white_banner":6,"minecraft:leather_boots":1,"minecraft:bone":13,"minecraft:apple":3,"mowziesmobs:umvuthana_mask_rage":1,"minecraft:wheat_seeds":17,"minecraft:raw_gold":3,"minecraft:acacia_sapling":6,"minecraft:oak_planks":13,"minecraft:iron_sword":1,"minecraft:smooth_basalt":1,"minecraft:cooked_porkchop":5,"minecraft:dandelion":1,"minecraft:amethyst_shard":24,"mowziesmobs:wrought_helmet":1,"minecraft:white_bed":3,"minecraft:spider_eye":1,"minecraft:trapped_chest":1,"minecraft:dark_oak_log":1,"alexsmobs:animal_dictionary":1,"minecraft:crossbow":4,"minecraft:emerald":1,"minecraft:bread":12,"alexsmobs:maggot":2,"minecraft:oak_sapling":17,"minecraft:dark_oak_fence":1,"minecraft:coal":58,"iceandfire:raw_silver":6}},"DataVersion":3465}