{"stats":{"minecraft:crafted":{"minecraft:oak_planks":96,"minecraft:cooked_chicken":3,"minecraft:furnace":2,"minecraft:iron_axe":1,"minecraft:stone_pickaxe":1,"minecraft:chest":1,"minecraft:wheat":64,"minecraft:cooked_beef":7,"minecraft:diamond_sword":1,"minecraft:cooked_porkchop":6,"minecraft:crafting_table":5,"minecraft:iron_helmet":1,"minecraft:iron_sword":1,"minecraft:bucket":2,"minecraft:birch_planks":4,"minecraft:stone_axe":1,"minecraft:bread":21,"minecraft:air":0,"minecraft:iron_chestplate":1,"portablemobs:basic_capture_cell":2,"minecraft:shield":1,"minecraft:raw_gold":54,"minecraft:stick":16,"minecraft:iron_ingot":43,"minecraft:iron_pickaxe":1,"minecraft:stone_sword":1,"minecraft:iron_leggings":1,"minecraft:acacia_planks":24,"iceandfire:dragonbone_hoe":1},"minecraft:used":{"minecraft:stone_sword":123,"minecraft:iron_bars":1,"mowziesmobs:umvuthana_mask_misery":5,"minecraft:chest":1,"minecraft:shield":117,"minecraft:iron_sword":34,"minecraft:cooked_chicken":6,"minecraft:rotten_flesh":6,"minecraft:torch":4,"minecraft:dirt":21,"minecraft:orange_glazed_terracotta":1,"minecraft:golden_chestplate":1,"mowziesmobs:wrought_helmet":5,"alexsmobs:maggot":1,"minecraft:iron_axe":208,"minecraft:beef":8,"minecraft:oak_sapling":9,"minecraft:furnace":5,"minecraft:egg":3,"minecraft:cooked_beef":7,"minecraft:golden_axe":24,"minecraft:cooked_mutton":4,"minecraft:water_bucket":1,"minecraft:oak_planks":39,"minecraft:stone_pickaxe":135,"minecraft:wooden_pickaxe":33,"iceandfire:dragon_skull_lightning":2,"minecraft:glow_berries":11,"minecraft:crafting_table":8,"minecraft:blast_furnace":3,"minecraft:crossbow":1,"minecraft:white_bed":2,"minecraft:oak_log":9,"minecraft:diamond_pickaxe":212,"minecraft:apple":10,"minecraft:chicken":6,"minecraft:bread":23,"minecraft:melon_slice":13,"minecraft:iron_pickaxe":248,"minecraft:stone_axe":136,"minecraft:diamond_sword":380,"minecraft:cobblestone":144,"iceandfire:dragonbone_hoe":12,"minecraft:birch_log":16,"minecraft:cooked_porkchop":10,"minecraft:bucket":3,"alexsmobs:animal_dictionary":3,"alexsmobs:emu_egg":2},"minecraft:broken":{"minecraft:stone_sword":1,"minecraft:stone_pickaxe":1,"minecraft:shield":1,"minecraft:golden_axe":1,"minecraft:iron_pickaxe":1,"minecraft:golden_chestplate":1},"minecraft:mined":{"minecraft:dark_oak_planks":2,"iceandfire:lightning_lily":1,"minecraft:large_amethyst_bud":2,"minecraft:tuff":2,"minecraft:white_bed":2,"iceandfire:graveyard_soil":1,"iceandfire:silver_ore":7,"minecraft:deepslate_diamond_ore":6,"iceandfire:copper_pile":5,"alexsmobs:leafcutter_anthill":1,"minecraft:dark_oak_log":2,"minecraft:budding_amethyst":9,"minecraft:glow_lichen":1,"minecraft:dark_oak_fence":12,"minecraft:granite":21,"minecraft:acacia_log":11,"minecraft:grass_block":50,"iceandfire:deepslate_silver_ore":2,"alexsmobs:leafcutter_ant_chamber":7,"minecraft:hay_block":15,"minecraft:furnace":3,"minecraft:iron_ore":53,"minecraft:barrel":2,"minecraft:pumpkin":22,"minecraft:deepslate_lapis_ore":7,"iceandfire:crackled_dirt":3,"minecraft:rail":6,"twilightforest:transformation_chest":1,"minecraft:deepslate_iron_ore":15,"minecraft:vine":5,"minecraft:small_amethyst_bud":2,"minecraft:iron_bars":1,"iceandfire:pixie_house_spruce":3,"minecraft:stone":219,"minecraft:orange_bed":1,"minecraft:orange_glazed_terracotta":1,"minecraft:smithing_table":1,"minecraft:medium_amethyst_bud":1,"minecraft:smoker":1,"minecraft:oak_fence":2,"minecraft:crafting_table":4,"minecraft:torch":1,"minecraft:blast_furnace":3,"minecraft:calcite":3,"minecraft:melon":4,"iceandfire:ghost_chest":4,"minecraft:chest":2,"minecraft:campfire":1,"minecraft:copper_ore":3,"minecraft:tall_grass":13,"minecraft:cobblestone":14,"minecraft:deepslate_gold_ore":1,"minecraft:oak_planks":6,"minecraft:damaged_anvil":1,"minecraft:big_dripleaf":1,"minecraft:diorite":14,"minecraft:amethyst_block":93,"minecraft:skeleton_skull":7,"minecraft:birch_planks":1,"minecraft:coarse_dirt":9,"iceandfire:crackled_stone":12,"minecraft:birch_log":87,"minecraft:birch_leaves":5,"iceandfire:pixie_house_mushroom_red":1,"minecraft:wither_rose":2,"minecraft:grass":58,"minecraft:coal_ore":24,"minecraft:oak_log":132,"minecraft:gravel":1,"minecraft:dirt":56,"minecraft:cobweb":35,"minecraft:smooth_basalt":2,"minecraft:gold_ore":4,"minecraft:oak_leaves":18,"minecraft:deepslate":35,"minecraft:fern":1},"minecraft:killed_by":{"alexsmobs:cachalot_whale":1,"mowziesmobs:ferrous_wroughtnaut":1,"minecraft:zombie":1,"iceandfire:lightning_dragon":2,"iceandfire:fire_dragon":1},"minecraft:custom":{"minecraft:interact_with_smithing_table":1,"minecraft:interact_with_anvil":1,"minecraft:mob_kills":128,"minecraft:interact_with_crafting_table":25,"minecraft:open_barrel":5,"minecraft:bell_ring":6,"minecraft:damage_dealt_resisted":11,"minecraft:leave_game":6,"minecraft:time_since_death":42988,"minecraft:climb_one_cm":1777,"minecraft:damage_resisted":79,"minecraft:sprint_one_cm":740225,"minecraft:walk_one_cm":817547,"minecraft:damage_blocked_by_shield":2775,"minecraft:drop":138,"minecraft:talked_to_villager":4,"minecraft:play_time":286251,"minecraft:deaths":7,"minecraft:sneak_time":12274,"minecraft:walk_under_water_one_cm":28759,"minecraft:jump":4455,"minecraft:interact_with_blast_furnace":6,"minecraft:walk_on_water_one_cm":46360,"minecraft:total_world_time":286251,"minecraft:interact_with_furnace":27,"minecraft:interact_with_cartography_table":2,"minecraft:sleep_in_bed":4,"minecraft:time_since_rest":43158,"minecraft:damage_taken":4935,"minecraft:trigger_trapped_chest":2,"minecraft:damage_dealt":20929,"minecraft:swim_one_cm":104961,"minecraft:fly_one_cm":915453,"minecraft:open_chest":36,"minecraft:crouch_one_cm":42164,"minecraft:interact_with_smoker":1,"minecraft:fall_one_cm":235713},"minecraft:killed":{"minecraft:spider":5,"alexsmobs:tasmanian_devil":1,"alexsmobs:seagull":2,"minecraft:skeleton":6,"alexsmobs:blue_jay":1,"alexsmobs:leafcutter_ant":4,"minecraft:chicken":15,"minecraft:turtle":1,"minecraft:pig":8,"mowziesmobs:umvuthana_follower_raptor":3,"minecraft:creeper":2,"iceandfire:cockatrice":1,"minecraft:sheep":7,"minecraft:pillager":19,"alexsmobs:cockroach":1,"minecraft:zombie":25,"iceandfire:ghost":3,"alexsmobs:terrapin":1,"iceandfire:pixie":3,"mowziesmobs:umvuthana_raptor":1,"minecraft:enderman":2,"minecraft:cow":6},"minecraft:dropped":{"minecraft:iron_sword":1,"iceandfire:raw_silver":9,"minecraft:wheat_seeds":3,"minecraft:oak_log":34,"minecraft:smithing_table":2,"minecraft:cooked_porkchop":6,"minecraft:crossbow":2,"minecraft:feather":12,"minecraft:cobblestone":30,"minecraft:leather":6,"minecraft:apple":3,"minecraft:copper_ingot":2,"minecraft:acacia_log":10,"minecraft:rail":9,"minecraft:coal":17,"minecraft:stick":9,"minecraft:cobweb":5,"minecraft:dirt":27,"minecraft:ink_sac":14,"minecraft:torch":1,"minecraft:melon_slice":15,"skilltree:gem":4,"minecraft:iron_leggings":1,"minecraft:chain":4,"minecraft:gold_nugget":4,"minecraft:white_banner":5,"minecraft:string":66,"minecraft:dark_oak_planks":2,"minecraft:white_wool":7,"artifacts:bunny_hoppers":1,"minecraft:acacia_planks":16,"minecraft:bone":22,"iceandfire:dragonbone":3,"minecraft:stone_axe":1,"mowziesmobs:umvuthana_mask_rage":1,"minecraft:cooked_chicken":5,"alexsmobs:animal_dictionary":1,"minecraft:cobbled_deepslate":33,"minecraft:tuff":4,"minecraft:birch_sapling":2,"minecraft:wheat":1,"minecraft:chicken":1,"minecraft:rotten_flesh":16,"alexsmobs:cachalot_whale_tooth":3,"minecraft:diamond_sword":1,"minecraft:hay_block":5,"iceandfire:ghost_chest":4,"mowziesmobs:umvuthana_mask_misery":1,"iceandfire:copper_sword":1,"minecraft:gunpowder":1,"minecraft:charcoal":2,"iceandfire:silver_ingot":2,"minecraft:spider_eye":2,"minecraft:barrel":2,"minecraft:iron_bars":21,"minecraft:arrow":1,"iceandfire:armor_copper_metal_leggings":1,"mowziesmobs:umvuthana_mask_fury":1,"iceandfire:dragon_skull_lightning":4},"minecraft:picked_up":{"iceandfire:dragon_skull_lightning":10,"minecraft:charcoal":2,"minecraft:seagrass":2,"iceandfire:copper_sword":1,"minecraft:crafting_table":4,"artifacts:bunny_hoppers":1,"iceandfire:witherbone":2,"minecraft:chicken":13,"minecraft:smithing_table":2,"minecraft:diamond_sword":1,"minecraft:wooden_pickaxe":1,"minecraft:wither_rose":2,"minecraft:chain":2,"minecraft:amethyst_block":92,"iceandfire:manuscript":17,"minecraft:string":72,"minecraft:raw_copper":20,"minecraft:iron_leggings":1,"minecraft:orange_glazed_terracotta":1,"iceandfire:graveyard_soil":2,"minecraft:gold_nugget":4,"minecraft:cobbled_deepslate":33,"minecraft:beef":18,"minecraft:calcite":3,"minecraft:melon_slice":28,"minecraft:chest":1,"minecraft:birch_sapling":7,"minecraft:furnace":3,"minecraft:egg":5,"iceandfire:pixie_dust":4,"minecraft:stick":45,"minecraft:raw_iron":68,"iceandfire:ghost_chest":8,"iceandfire:dragonbone":54,"minecraft:copper_ingot":2,"minecraft:torch":2,"minecraft:acacia_log":16,"minecraft:porkchop":33,"minecraft:diorite":1,"twilightforest:transformation_chest":1,"minecraft:dark_oak_planks":2,"minecraft:orange_bed":1,"minecraft:arrow":1,"iceandfire:silver_ingot":2,"minecraft:rotten_flesh":24,"minecraft:hay_block":13,"alexsmobs:emu_egg":2,"minecraft:rail":9,"minecraft:mutton":12,"minecraft:iron_bars":30,"minecraft:skeleton_skull":8,"minecraft:white_wool":7,"minecraft:cobblestone":214,"minecraft:birch_log":83,"mowziesmobs:umvuthana_mask_fury":1,"minecraft:feather":24,"minecraft:cooked_beef":4,"minecraft:leather":11,"minecraft:smoker":1,"alexsmobs:cachalot_whale_tooth":6,"minecraft:tuff":4,"minecraft:oak_log":262,"iceandfire:ectoplasm":7,"minecraft:gunpowder":2,"skilltree:gem":7,"minecraft:lapis_lazuli":42,"minecraft:dirt":70,"minecraft:white_banner":5,"iceandfire:pixie_house_mushroom_red":1,"minecraft:cooked_mutton":4,"minecraft:bone":43,"minecraft:apple":6,"mowziesmobs:umvuthana_mask_rage":1,"minecraft:wheat_seeds":12,"minecraft:raw_gold":5,"minecraft:iron_ingot":19,"minecraft:cooked_chicken":8,"minecraft:cobweb":5,"minecraft:oak_planks":16,"mowziesmobs:umvuthana_mask_misery":1,"minecraft:smooth_basalt":2,"minecraft:cooked_porkchop":10,"minecraft:pumpkin":22,"minecraft:dandelion":3,"mowziesmobs:wrought_helmet":1,"minecraft:blast_furnace":4,"minecraft:ink_sac":14,"minecraft:white_bed":2,"minecraft:trapped_chest":1,"minecraft:spider_eye":2,"minecraft:barrel":2,"minecraft:diamond":6,"iceandfire:pixie_house_spruce":3,"minecraft:crossbow":1,"minecraft:granite":13,"minecraft:gray_wool":1,"alexsmobs:maggot":2,"minecraft:oak_sapling":71,"minecraft:damaged_anvil":1,"minecraft:coal":17,"iceandfire:raw_silver":9}},"DataVersion":3465}