{"stats":{"minecraft:dropped":{"minecraft:iron_sword":1,"minecraft:wheat_seeds":3,"minecraft:cooked_porkchop":6,"minecraft:cobblestone":13,"minecraft:crossbow":2,"minecraft:feather":7,"minecraft:apple":3,"minecraft:acacia_log":10,"minecraft:stick":1,"minecraft:dirt":25,"minecraft:ink_sac":14,"minecraft:torch":1,"minecraft:chain":2,"minecraft:white_banner":5,"minecraft:dark_oak_planks":2,"minecraft:white_wool":7,"iceandfire:dragonbone":3,"minecraft:bone":2,"minecraft:stone_axe":1,"minecraft:cobbled_deepslate":33,"minecraft:tuff":4,"minecraft:wheat":1,"minecraft:rotten_flesh":5,"minecraft:hay_block":5,"iceandfire:ghost_chest":1,"minecraft:gunpowder":1,"minecraft:charcoal":2,"minecraft:barrel":2,"minecraft:spider_eye":2,"minecraft:iron_bars":1},"minecraft:used":{"alexsmobs:emu_egg":2,"minecraft:iron_bars":1,"minecraft:stone_sword":123,"mowziesmobs:umvuthana_mask_misery":5,"minecraft:chest":1,"minecraft:shield":95,"minecraft:iron_sword":34,"minecraft:cooked_chicken":3,"minecraft:rotten_flesh":5,"minecraft:torch":1,"minecraft:dirt":17,"minecraft:orange_glazed_terracotta":1,"minecraft:golden_chestplate":1,"mowziesmobs:wrought_helmet":5,"alexsmobs:maggot":1,"minecraft:iron_axe":127,"minecraft:beef":4,"minecraft:oak_sapling":9,"minecraft:furnace":5,"minecraft:egg":2,"minecraft:cooked_beef":7,"minecraft:golden_axe":24,"minecraft:cooked_mutton":4,"minecraft:water_bucket":1,"minecraft:stone_pickaxe":135,"minecraft:oak_planks":39,"minecraft:wooden_pickaxe":33,"iceandfire:dragon_skull_lightning":1,"minecraft:crafting_table":6,"minecraft:blast_furnace":1,"minecraft:crossbow":1,"minecraft:diamond_pickaxe":25,"minecraft:apple":10,"minecraft:chicken":2,"minecraft:bread":5,"minecraft:iron_pickaxe":248,"minecraft:stone_axe":136,"minecraft:diamond_sword":187,"minecraft:cobblestone":89,"minecraft:cooked_porkchop":10,"minecraft:bucket":3,"alexsmobs:animal_dictionary":2},"minecraft:broken":{"minecraft:stone_sword":1,"minecraft:stone_pickaxe":1,"minecraft:golden_axe":1,"minecraft:iron_pickaxe":1,"minecraft:golden_chestplate":1},"minecraft:mined":{"minecraft:dark_oak_planks":2,"iceandfire:lightning_lily":1,"minecraft:large_amethyst_bud":2,"minecraft:tuff":2,"minecraft:white_bed":1,"iceandfire:graveyard_soil":1,"iceandfire:silver_ore":7,"minecraft:deepslate_diamond_ore":6,"minecraft:dark_oak_log":2,"minecraft:dark_oak_fence":12,"minecraft:granite":13,"minecraft:glow_lichen":1,"minecraft:budding_amethyst":9,"minecraft:acacia_log":11,"minecraft:grass_block":44,"iceandfire:deepslate_silver_ore":2,"minecraft:hay_block":15,"minecraft:furnace":3,"minecraft:iron_ore":25,"minecraft:barrel":2,"minecraft:pumpkin":22,"minecraft:deepslate_lapis_ore":7,"twilightforest:transformation_chest":1,"minecraft:deepslate_iron_ore":15,"minecraft:vine":2,"minecraft:small_amethyst_bud":2,"minecraft:iron_bars":1,"minecraft:stone":129,"minecraft:orange_bed":1,"minecraft:orange_glazed_terracotta":1,"minecraft:smithing_table":1,"minecraft:medium_amethyst_bud":1,"minecraft:smoker":1,"minecraft:crafting_table":4,"minecraft:torch":1,"minecraft:blast_furnace":2,"minecraft:calcite":3,"iceandfire:ghost_chest":1,"minecraft:chest":2,"minecraft:campfire":1,"minecraft:tall_grass":7,"minecraft:copper_ore":3,"minecraft:cobblestone":13,"minecraft:deepslate_gold_ore":1,"minecraft:oak_planks":6,"minecraft:damaged_anvil":1,"minecraft:diorite":14,"minecraft:big_dripleaf":1,"minecraft:amethyst_block":93,"minecraft:skeleton_skull":2,"minecraft:birch_planks":1,"minecraft:birch_log":35,"minecraft:wither_rose":2,"minecraft:grass":34,"minecraft:oak_log":132,"minecraft:gravel":1,"minecraft:dirt":52,"minecraft:cobweb":2,"minecraft:smooth_basalt":2,"minecraft:oak_leaves":2,"minecraft:deepslate":35},"minecraft:custom":{"minecraft:interact_with_smithing_table":1,"minecraft:interact_with_anvil":1,"minecraft:mob_kills":90,"minecraft:interact_with_crafting_table":19,"minecraft:open_barrel":5,"minecraft:bell_ring":6,"minecraft:damage_dealt_resisted":11,"minecraft:leave_game":1,"minecraft:time_since_death":29091,"minecraft:climb_one_cm":282,"minecraft:sprint_one_cm":383013,"minecraft:walk_one_cm":546111,"minecraft:damage_blocked_by_shield":2295,"minecraft:drop":72,"minecraft:talked_to_villager":4,"minecraft:play_time":153732,"minecraft:deaths":2,"minecraft:sneak_time":9593,"minecraft:walk_under_water_one_cm":23880,"minecraft:jump":1928,"minecraft:interact_with_blast_furnace":1,"minecraft:walk_on_water_one_cm":30214,"minecraft:total_world_time":153732,"minecraft:interact_with_furnace":27,"minecraft:interact_with_cartography_table":2,"minecraft:sleep_in_bed":2,"minecraft:time_since_rest":12454,"minecraft:damage_taken":2860,"minecraft:trigger_trapped_chest":2,"minecraft:damage_dealt":14858,"minecraft:fly_one_cm":346851,"minecraft:swim_one_cm":16087,"minecraft:open_chest":25,"minecraft:crouch_one_cm":33873,"minecraft:interact_with_smoker":1,"minecraft:fall_one_cm":77512},"minecraft:killed_by":{"alexsmobs:cachalot_whale":1,"mowziesmobs:ferrous_wroughtnaut":1},"minecraft:killed":{"minecraft:spider":5,"alexsmobs:tasmanian_devil":1,"alexsmobs:seagull":2,"minecraft:skeleton":4,"alexsmobs:blue_jay":1,"minecraft:chicken":5,"minecraft:turtle":1,"minecraft:pig":8,"mowziesmobs:umvuthana_follower_raptor":3,"minecraft:creeper":2,"minecraft:sheep":7,"minecraft:pillager":18,"minecraft:zombie":16,"alexsmobs:cockroach":1,"iceandfire:ghost":2,"mowziesmobs:umvuthana_raptor":1,"minecraft:enderman":1,"minecraft:cow":4},"minecraft:crafted":{"minecraft:oak_planks":84,"minecraft:cooked_chicken":3,"minecraft:furnace":2,"minecraft:iron_axe":1,"minecraft:stone_pickaxe":1,"minecraft:chest":1,"minecraft:wheat":64,"minecraft:cooked_beef":7,"minecraft:diamond_sword":1,"minecraft:cooked_porkchop":6,"minecraft:crafting_table":3,"minecraft:iron_helmet":1,"minecraft:iron_sword":1,"minecraft:bucket":2,"minecraft:stone_axe":1,"minecraft:bread":21,"minecraft:air":0,"minecraft:iron_chestplate":1,"minecraft:shield":1,"minecraft:raw_gold":54,"minecraft:stick":8,"minecraft:iron_ingot":27,"minecraft:iron_pickaxe":1,"minecraft:stone_sword":1,"minecraft:iron_leggings":1,"minecraft:acacia_planks":4},"minecraft:picked_up":{"minecraft:seagrass":2,"minecraft:charcoal":2,"minecraft:crafting_table":4,"minecraft:chicken":7,"minecraft:smithing_table":1,"minecraft:wooden_pickaxe":1,"minecraft:wither_rose":2,"minecraft:amethyst_block":92,"minecraft:string":6,"minecraft:raw_copper":20,"minecraft:orange_glazed_terracotta":1,"iceandfire:graveyard_soil":2,"minecraft:cobbled_deepslate":33,"minecraft:beef":14,"minecraft:calcite":3,"minecraft:chest":1,"minecraft:birch_sapling":5,"minecraft:furnace":3,"minecraft:egg":4,"iceandfire:dragonbone":15,"minecraft:stick":37,"minecraft:raw_iron":40,"iceandfire:ghost_chest":2,"minecraft:torch":2,"minecraft:acacia_log":16,"minecraft:porkchop":33,"minecraft:diorite":1,"minecraft:dark_oak_planks":2,"twilightforest:transformation_chest":1,"minecraft:orange_bed":1,"minecraft:rotten_flesh":12,"minecraft:hay_block":13,"alexsmobs:emu_egg":2,"minecraft:mutton":12,"minecraft:iron_bars":2,"minecraft:skeleton_skull":2,"minecraft:white_wool":7,"minecraft:cobblestone":142,"minecraft:birch_log":36,"mowziesmobs:umvuthana_mask_fury":1,"minecraft:feather":17,"minecraft:cooked_beef":4,"minecraft:leather":10,"minecraft:smoker":1,"alexsmobs:cachalot_whale_tooth":3,"minecraft:tuff":4,"minecraft:oak_log":132,"minecraft:gunpowder":2,"minecraft:lapis_lazuli":42,"minecraft:dirt":64,"minecraft:white_banner":5,"minecraft:cooked_mutton":4,"minecraft:bone":3,"minecraft:apple":6,"mowziesmobs:umvuthana_mask_rage":1,"minecraft:wheat_seeds":10,"minecraft:raw_gold":1,"minecraft:iron_ingot":16,"mowziesmobs:umvuthana_mask_misery":1,"minecraft:oak_planks":16,"minecraft:smooth_basalt":2,"minecraft:cooked_porkchop":10,"minecraft:pumpkin":22,"mowziesmobs:wrought_helmet":1,"minecraft:ink_sac":14,"minecraft:blast_furnace":2,"minecraft:white_bed":1,"minecraft:spider_eye":2,"minecraft:barrel":2,"minecraft:diamond":6,"minecraft:crossbow":1,"minecraft:granite":13,"minecraft:gray_wool":1,"alexsmobs:maggot":2,"minecraft:oak_sapling":71,"minecraft:damaged_anvil":1,"iceandfire:raw_silver":9,"iceandfire:dragon_skull_lightning":3}},"DataVersion":3465}